<?xml version="1.0" encoding="UTF-8" standalone="no"?>
<!--Copyright (C) 2009-2015 ARM Limited. All rights reserved.--><platform_data xmlns="http://www.arm.com/project_type" xmlns:peripheral="http://com.arm.targetconfigurationeditor" xmlns:xi="http://www.w3.org/2001/XInclude" xmlns:xsi="http://www.w3.org/2001/XMLSchema-instance" type="HARDWARE" xsi:schemaLocation="http://www.arm.com/project_type ../../../Schemas/platform_data-1.xsd">
    <project_type_list>
        <xi:include href="../../../Gdbserver/tcp_project_types.xml"/>
        <project_type type="BARE_METAL">
            <name language="en">Bare Metal Debug</name>
            <description language="en">This allows a bare-metal debug connection.</description>
            <execution_environment id="BARE_METAL">
                <name language="en">Bare Metal Debug</name>
                <description language="en">Connect to a platform using a DSTREAM/RVI</description>
                <xi:include href="../../../Include/hardware_address.xml"/>
                <param default="CDB://xlf_core0_trace.rvc" id="config_file" type="string" visible="false"/>
                <activity id="ICE_DEBUG" type="Debug">
                    <name language="en">Debug Cortex-A53</name>
                    <xi:include href="../../../Include/dstream_activity_description_bm.xml"/>
                    <xi:include href="../../../Include/dstream_connection_type.xml"/>
                    <core connection_id="Cortex-A53" core_definition="Cortex-A53"/>
                    <param default="CDB://dtsl_config_script.py" id="dtsl_config_script" type="string" visible="false"/>
                    <param default="DtslScript" id="dtsl_config" type="string" visible="false"/>
                    <param default="options.trace.traceCapture" id="dtsl_tracecapture_option" type="string" visible="false"/>
                </activity>
            </execution_environment>
        </project_type>
        <project_type os_abstraction="LINUX_KERNEL" type="BARE_METAL">
            <name language="en">Linux Kernel and/or Device Driver Debug</name>
            <description language="en">This allows a bare-metal debug connection for Linux kernel or Linux device driver debug.</description>
            <execution_environment id="bare_metal_linux_kernel_debug">
                <name language="en">Linux Kernel Debug</name>
                <description language="en">Connect to a platform using a DSTREAM/RVI</description>
                <xi:include href="../../../Include/hardware_address.xml"/>
                <param default="CDB://xlf_core0_trace.rvc" id="config_file" type="string" visible="false"/>
                <activity id="ICE_DEBUG" type="Debug">
                    <name language="en">Debug Cortex-A53</name>
                    <xi:include href="../../../Include/dstream_activity_description_lk.xml"/>
                    <xi:include href="../../../Include/dstream_connection_type.xml"/>
                    <core connection_id="Cortex-A53" core_definition="Cortex-A53"/>
                    <param default="CDB://dtsl_config_script.py" id="dtsl_config_script" type="string" visible="false"/>
                    <param default="DtslScript" id="dtsl_config" type="string" visible="false"/>
                    <param default="options.trace.traceCapture" id="dtsl_tracecapture_option" type="string" visible="false"/>
                </activity>
            </execution_environment>
        </project_type>
    </project_type_list>
</platform_data>
